{
  "version": 1,
  "author": "Anonymous maker",
  "editor": "wokwi",
  "parts": [
    { "type": "wokwi-breadboard-half", "id": "bb1", "top": -147, "left": -45.2, "attrs": {} },
    {
      "type": "wokwi-esp32-devkit-v1",
      "id": "esp",
      "top": -155.73,
      "left": -273.87,
      "rotate": 180,
      "attrs": {}
    },
    {
      "type": "wokwi-relay-module",
      "id": "relay1",
      "top": -278.2,
      "left": -66,
      "rotate": 270,
      "attrs": {}
    },
    {
      "type": "wokwi-relay-module",
      "id": "relay2",
      "top": -278.55,
      "left": 10.99,
      "rotate": 270,
      "attrs": {}
    },
    {
      "type": "wokwi-relay-module",
      "id": "relay3",
      "top": -281.21,
      "left": 85.69,
      "rotate": 270,
      "attrs": {}
    },
    {
      "type": "wokwi-relay-module",
      "id": "relay4",
      "top": -282.33,
      "left": 167.28,
      "rotate": 270,
      "attrs": {}
    },
    {
      "type": "wokwi-pushbutton",
      "id": "btn1",
      "top": 101.01,
      "left": -32.79,
      "attrs": { "color": "red" }
    },
    {
      "type": "wokwi-pushbutton",
      "id": "btn2",
      "top": 98.86,
      "left": 58.85,
      "attrs": { "color": "yellow" }
    },
    {
      "type": "wokwi-pushbutton",
      "id": "btn3",
      "top": 94.45,
      "left": 156.14,
      "attrs": { "color": "black" }
    },
    {
      "type": "wokwi-pushbutton",
      "id": "btn4",
      "top": 89.93,
      "left": 260.49,
      "attrs": { "color": "grey" }
    },
    { "type": "wokwi-vcc", "id": "vcc1", "top": -200.84, "left": 364.8, "attrs": {} },
    { "type": "wokwi-gnd", "id": "gnd1", "top": -124.8, "left": 364.2, "attrs": {} },
    {
      "type": "wokwi-led",
      "id": "led1",
      "top": -432.27,
      "left": -27.24,
      "attrs": { "color": "red" }
    },
    {
      "type": "wokwi-led",
      "id": "led2",
      "top": -435.97,
      "left": 54.68,
      "attrs": { "color": "limegreen" }
    },
    {
      "type": "wokwi-led",
      "id": "led3",
      "top": -439.29,
      "left": 133.72,
      "attrs": { "color": "yellow" }
    },
    {
      "type": "wokwi-led",
      "id": "led4",
      "top": -441.8,
      "left": 213.57,
      "attrs": { "color": "purple" }
    },
    { "type": "wokwi-vcc", "id": "vcc2", "top": -405.25, "left": 328.56, "attrs": {} },
    { "type": "wokwi-gnd", "id": "gnd2", "top": -357, "left": -111.78, "attrs": {} }
  ],
  "connections": [
    [ "esp:TX0", "$serialMonitor:RX", "", [] ],
    [ "esp:RX0", "$serialMonitor:TX", "", [] ],
    [ "relay1:VCC", "bb1:tp.1", "red", [ "v48.27", "h1.34" ] ],
    [ "relay1:GND", "bb1:tn.2", "black", [ "v60.69", "h5" ] ],
    [ "relay2:VCC", "bb1:tp.8", "red", [ "v49.87", "h-2.37" ] ],
    [ "relay2:GND", "bb1:tn.9", "black", [ "v0" ] ],
    [ "relay3:VCC", "bb1:tp.15", "red", [ "v0" ] ],
    [ "relay3:GND", "bb1:tn.15", "black", [ "v0" ] ],
    [ "relay4:VCC", "bb1:tp.21", "red", [ "v0" ] ],
    [ "relay4:GND", "bb1:tn.22", "black", [ "v0" ] ],
    [ "vcc1:VCC", "bb1:tp.25", "red", [ "v0" ] ],
    [ "btn1:1.r", "bb1:bn.5", "green", [ "v0" ] ],
    [ "btn2:1.r", "bb1:bn.13", "green", [ "v0" ] ],
    [ "btn3:1.r", "bb1:bn.21", "green", [ "v0" ] ],
    [ "bb1:tn.25", "gnd1:GND", "green", [ "v0" ] ],
    [ "bb1:bn.25", "btn4:1.r", "green", [ "v-0.99", "h79.26" ] ],
    [ "bb1:bn.24", "bb1:tn.25", "green", [ "v0.73", "h57.92", "v-173.61", "h-13.75" ] ],
    [ "relay1:IN", "esp:D13", "green", [ "v16.06", "h-157", "v83.37" ] ],
    [ "relay2:IN", "esp:D12", "red", [ "v29.79", "h-224.44", "v80.2" ] ],
    [ "relay3:IN", "esp:D14", "violet", [ "v36.88", "h-286.41", "v86.28", "h1.11" ] ],
    [ "relay4:IN", "esp:D27", "gray", [ "v43.53", "h-358.6", "v89.6" ] ],
    [ "btn1:2.l", "esp:D26", "green", [ "h-29.82", "v-180.92" ] ],
    [ "btn2:2.l", "esp:D25", "magenta", [ "h-6.98", "v12.6", "h-128.31", "v-176.99" ] ],
    [
      "btn3:2.l",
      "esp:D33",
      "yellow",
      [ "h-11.08", "v29.11", "h-245.24", "v-182.38", "h-73.48", "v4.43" ]
    ],
    [ "btn4:2.l", "esp:D32", "blue", [ "h-16.27", "v46.02", "h-367.41", "v-179.72", "h-2.66" ] ],
    [ "led1:A", "relay1:NO", "green", [ "v1.35", "h7.11" ] ],
    [ "led2:A", "relay2:NO", "green", [ "v-2.26", "h10.77" ] ],
    [ "led3:A", "relay3:NO", "green", [ "v-1.55", "h7.91" ] ],
    [ "led4:A", "relay4:NO", "green", [ "v0" ] ],
    [ "relay1:COM", "relay2:COM", "green", [ "v-33.89", "h74.75", "v5.22" ] ],
    [
      "relay3:COM",
      "relay2:COM",
      "green",
      [ "v-31.4", "h-79.02", "v1.04", "h1.04", "v1.04", "h0.52" ]
    ],
    [ "relay4:COM", "relay3:COM", "green", [ "v-33.93", "h-5.64" ] ],
    [ "vcc2:VCC", "relay4:COM", "red", [ "v39.42", "h-108.91" ] ],
    [ "led4:C", "led3:C", "green", [ "v16.62", "h-81.76" ] ],
    [ "led2:C", "led3:C", "green", [ "v17.57", "h5.12" ] ],
    [ "led1:C", "led2:C", "green", [ "v21.18", "h3.03" ] ],
    [ "gnd2:GND", "led1:C", "black", [ "v0" ] ]
  ],
  "dependencies": {}
}